no,judul,tanggal,media,link,ringkasan,kutipan
1,Wonderful Indonesia Wellness Festival 2025 Awaits,17 Oktober 2025,PR Newswire APAC,https://www.prnewswire.com/apac/news-releases/discover-your-inner-harmony-wonderful-indonesia-wellness-festival-2025-awaits-302587377.html,Festival wellness perdana Indonesia menawarkan pengalaman autentik wellness di Surakarta dan Yogyakarta sepanjang November dengan program meditasi di situs bersejarah dan spiritual spa treatments.,"""spiritual spa treatments, meditation at historical sites"""
2,Discover Your Inner Harmony: Wonderful Indonesia Wellness Festival 2025,17 Oktober 2025,Laotian Times,https://laotiantimes.com/2025/10/17/discover-your-inner-harmony-wonderful-indonesia-wellness-festival-2025-awaits/,Indonesia diakui sebagai mercusuar wellness dengan praktik kuno termasuk meditasi yang menenangkan dan jalan-jalan meditatif di istana.,"""calming meditation, traditional herbal medicine"""
3,Wonderful Indonesia Wellness 2025 celebrates cultural wellness traditions,6 November 2025,The Jakarta Post,https://www.thejakartapost.com/adv/2025/11/06/wonderful-indonesia-wellness-2025-celebrates-indonesias-cultural-wellness-traditions.html,"Festival resmi dimulai dengan program Spiritual Wellness and Energy Healing, Natural Beauty, dan Harmony in Wellness.","""Spiritual Wellness and Energy Healing"""
4,Isha Indonesia Holds Free Yoga & Meditation Sessions,20 Juni 2025,IndoIndians,https://www.indoindians.com/come-join-isha-indonesia-holds-free-yoga-meditation-sessions/,"Sesi yoga dan meditasi gratis untuk International Day of Yoga dengan fokus pada keseimbangan batin, kejelasan mental, dan ketahanan emosional.","""fostering inner balance, mental clarity, and emotional resilience"""
5,International Day of Yoga 2025,18 Juni 2025,IndoIndians,https://www.indoindians.com/10th-international-day-of-yoga-in-jakarta/,Peringatan ke-11 International Day of Yoga sebagai gerakan global yang menyatukan jutaan orang dalam praktik transformatif yoga.,"""transformative practice of yoga"""
6,Top Yoga & Pilates Studios in Yogyakarta,28 Mei 2025,What's New Indonesia,https://whatsnewindonesia.com/yogyakarta/ultimate-guide/spa-and-well-being/top-yoga-pilates-studios-yogyakarta,Alive Studio adalah studio yoga dan Pilates khusus di jantung Yogyakarta yang menawarkan kelas berkualitas tinggi.,"""high-quality classes"""
7,Top Luxury Wellness Spas in Yogyakarta,15 Januari 2025,What's New Indonesia,https://whatsnewindonesia.com/yogyakarta/ultimate-guide/spa-and-well-being/top-luxury-wellness-spas-yogyakarta,Bylu adalah spa kulit kepala bergaya Jepang pertama di Yogyakarta yang menawarkan pendekatan holistik untuk wellness.,"""holistic approach to wellness"""
8,Indonesia's Wellness Festival 2025 Reimagines Rest and Ritual,20 Oktober 2025,eGlobal Travel Media,https://eglobaltravelmedia.com.au/2025/10/20/indonesias-wellness-awakening-begins-in-java/,Festival wellness Indonesia menghadirkan kembali konsep istirahat dan ritual tradisional dengan pendekatan modern.,"""traditional rest and ritual"""
9,Wonderful Indonesia Wellness Festival 2025 (Tribune India),17 Oktober 2025,Tribune India,https://www.tribuneindia.com/news/business/discover-your-inner-harmony-wonderful-indonesia-wellness-festival-2025-awaits/,"Festival menampilkan program beragam termasuk sesi yoga gratis, edukasi jamu tradisional, dan meditasi di situs bersejarah.","""meditation at historical sites"""
10,Wonderful Indonesia Wellness Festival (Bastille Post),17 Oktober 2025,Bastille Post,https://www.bastillepost.com/global/article/5288703-discover-your-inner-harmony-wonderful-indonesia-wellness-festival-2025-awaits,Yogyakarta menunjukkan kekuatan dalam wellness berbasis komunitas dengan program meditasi di situs bersejarah.,"""community-driven wellness"""
11,Best Yoga Retreat Centers In Indonesia For 2025,9 Juni 2025,Browse Wellness,https://www.browsewellness.com/best/yoga-retreats-indonesia/,Pusat retreat yoga terbaik di Indonesia menawarkan pengalaman transformatif dengan program yoga dan meditasi komprehensif.,"""transformative experiences"""
12,Best Places for Yoga Practice in Jakarta 2025,23 Juli 2025,IndoIndians,https://www.indoindians.com/best-places-for-yoga-practice-in-jakarta-2025/,Studio yoga di Jakarta membantu masyarakat urban mengelola stres dan menemukan keseimbangan dalam kehidupan sehari-hari.,"""find calm again"""
13,THE BEST Meditation Retreats in Yogyakarta 2025/2026,1 Januari 2025,BookRetreats,https://bookretreats.com/s/meditation-retreats/yogyakarta,Yogyakarta menawarkan berbagai retreat meditasi dengan fokus pada praktik meditasi mendalam dan mindfulness.,"""free cancellation"""
14,THE BEST Mindfulness Retreats in Yogyakarta 2025/2026,1 Januari 2025,BookRetreats,https://bookretreats.com/s/meditation-retreats/mindfulness-retreats/yogyakarta,Retreat mindfulness di Yogyakarta menawarkan kesempatan untuk pembaruan diri dengan program meditasi dan yoga.,"""gift of renewal"""
15,THE BEST Vipassana Meditation Retreats in Yogyakarta 2025/2026,1 Januari 2025,BookRetreats,https://bookretreats.com/s/meditation-retreats/vipassana-retreats/yogyakarta,Retreat Vipassana di Yogyakarta mengajarkan teknik meditasi tradisional untuk pengembangan wawasan mendalam.,"""free cancellation up to 60 days"""
16,THE BEST Affordable Yoga Retreats in Yogyakarta 2025/2026,1 Januari 2025,BookRetreats,https://bookretreats.com/s/yoga-retreats/affordable-yoga-retreats/yogyakarta,Retreat yoga terjangkau di Yogyakarta dengan hasil yang luar biasa untuk reset dan pembaruan diri.,"""amazing yoga and meditation retreat"""
17,THE BEST Wellbeing Retreats in Yogyakarta 2025/2026,1 Januari 2025,BookRetreats,https://bookretreats.com/s/wellness-retreats/wellbeing-retreats/yogyakarta,Retreat kesejahteraan di Yogyakarta menawarkan pengalaman luar biasa dengan kombinasi yoga dan meditasi.,"""amazing wellbeing experience"""
18,THE BEST Holistic Retreats in Yogyakarta 2025/2026,1 Januari 2025,BookRetreats,https://bookretreats.com/s/wellness-retreats/holistic-retreats/yogyakarta,Retreat holistik di Yogyakarta menggabungkan yoga dan meditasi untuk pengalaman reset yang luar biasa.,"""holistic healing approach"""
19,THE BEST Yoga Holidays in Yogyakarta 2025/2026,1 Januari 2025,BookRetreats,https://bookretreats.com/s/yoga-retreats/yoga-holidays/yogyakarta,Liburan yoga di Yogyakarta menampilkan 2 sesi yoga harian di Yoga Shala selama 60 menit.,"""2 Daily Yoga Sessions at Yoga Shala (60 minutes)"""
20,THE BEST Healing Retreats in Yogyakarta 2025/2026,1 Januari 2025,BookRetreats,https://bookretreats.com/s/yoga-retreats/healing-retreats/yogyakarta,"Retreat penyembuhan di Yogyakarta fokus pada penyembuhan mendalam melalui yoga, meditasi, dan terapi holistik.","""deep healing through yoga and meditation"""
21,THE BEST Health Retreats in Yogyakarta 2025/2026,1 Januari 2025,BookRetreats,https://bookretreats.com/s/yoga-retreats/health-retreats/yogyakarta,Retreat kesehatan di Yogyakarta menawarkan pengalaman luar biasa dengan yoga dan meditasi untuk reset kesehatan.,"""amazing health reset experience"""
22,THE BEST Stress Retreats in Yogyakarta 2025/2026,1 Januari 2025,BookRetreats,https://bookretreats.com/s/wellness-retreats/stress-retreats/yogyakarta,Retreat manajemen stres di Yogyakarta dengan program khusus untuk mengelola stres melalui teknik meditasi.,"""stress management through meditation"""
23,THE BEST Self Improvement Retreats in Yogyakarta 2025/2026,1 Januari 2025,BookRetreats,https://bookretreats.com/s/wellness-retreats/self-improvement-retreats/yogyakarta,Retreat pengembangan diri di Yogyakarta fokus pada pertumbuhan personal melalui meditasi dan refleksi diri.,"""personal growth through meditation"""
24,THE BEST Spiritual Retreats in Yogyakarta 2025/2026,1 Januari 2025,BookRetreats,https://bookretreats.com/s/yoga-retreats/spiritual-retreats/yogyakarta,Retreat spiritual di Yogyakarta fokus pada eksplorasi spiritual melalui meditasi mendalam dan praktik kontemplasi.,"""excellent spiritual program"""
25,THE BEST Silent Retreats in Yogyakarta 2025/2026,1 Januari 2025,BookRetreats,https://bookretreats.com/s/yoga-retreats/silent-retreats/yogyakarta,Retreat diam di Yogyakarta dengan program keheningan total untuk praktik meditasi tanpa gangguan verbal.,"""free cancellation up to 42 days"""
26,THE BEST Dark Retreats in Yogyakarta 2025/2026,1 Januari 2025,BookRetreats,https://bookretreats.com/s/meditation-retreats/dark-retreats/yogyakarta,Retreat kegelapan di Yogyakarta menawarkan pengalaman unik meditasi dalam kegelapan total.,"""unique darkness meditation experience"""
27,THE BEST Monk Retreats in Yogyakarta 2025/2026,1 Januari 2025,BookRetreats,https://bookretreats.com/s/meditation-retreats/monk-retreats/yogyakarta,Retreat dengan biksu di Yogyakarta untuk terhubung kembali secara spiritual dan menemukan kedamaian batin.,"""extremely stressful and overwhelming moment of my life"""
28,THE BEST Tibetan Retreats in Yogyakarta 2025/2026,1 Januari 2025,BookRetreats,https://bookretreats.com/s/meditation-retreats/tibetan-retreats/yogyakarta,Retreat Tibet di Yogyakarta mengajarkan teknik meditasi Tibet tradisional termasuk visualisasi dan mantra.,"""traditional Tibetan meditation techniques"""
29,Agoda: South Korean Travelers Drive Travel Interest to Central Java,13 November 2025,AAP,https://www.aap.com.au/aapreleases/cision20251113ae21112/,Data Agoda menunjukkan festival menarik penggemar wellness dari seluruh dunia dengan peningkatan signifikan pencarian akomodasi.,"""festival is attracting wellness enthusiasts from around the world"""
30,Wonderful Indonesia Wellness Festival (The Wire),17 Oktober 2025,The Wire,https://m.thewire.in/article/ptiprnews/discover-your-inner-harmony-wonderful-indonesia-wellness-festival-2025-awaits,Festival wellness perdana Indonesia menawarkan kesempatan untuk merasakan Authentic Indonesia's Wellness dengan praktik meditasi yang menenangkan.,"Integrasi meditasi dengan kearifan lokal menciptakan pengalaman wellness yang autentik dan holistik yang menggabungkan kesehatan fisik, mental, dan spiritual."
